"","logFC","logCPM","LR","PValue","FDR"
"hsa-miR-4521",-8.88212999777309,8.44029352642506,549.978638589755,1.27243937384385e-121,8.19450956755439e-119
"hsa-miR-4488",6.42378820389216,8.09139405241601,507.283879286936,2.47267948603842e-112,7.96202794504372e-110
"hsa-miR-5701",-4.36822143472975,8.82985403135847,403.525003398123,9.4100954714854e-90,2.02003382787887e-87
"hsa-miR-3182",4.64177811075434,9.53422202054966,383.914369741511,1.74885085023524e-85,2.81564986887874e-83
"hsa-miR-4497",4.43921174860083,8.02420821037741,347.45607595076,1.51747240978237e-77,1.95450446379969e-75
"hsa-miR-7974",-8.39502468606449,7.17833169040247,328.129572158725,2.45568408928296e-73,2.63576758916371e-71
"hsa-miR-7704",5.21294692704665,9.86197214255019,305.806713840349,1.78946680054275e-68,1.64630945649933e-66
"hsa-miR-3135b",5.44223736426804,6.86751536454519,275.217017882442,8.27794238525702e-62,6.6637436201319e-60
"hsa-miR-185-5p",-2.90847739321449,9.73206284661127,220.139012844583,8.4345397193271e-50,6.0353817547185e-48
"hsa-miR-3960",5.7467278853112,5.3994676418561,201.27930663924,1.09815310635419e-45,7.07210600492101e-44
"hsa-miR-619-5p",2.89336753000191,8.71664487027559,195.5067713906,1.99714455320327e-44,1.16923735660264e-42
"hsa-miR-4516",4.59131525633306,5.64408617723677,181.083327962263,2.81118682029104e-41,1.50867026022286e-39
"hsa-miR-10395-3p",-5.63077313403815,6.29874653465699,179.421025830329,6.48387999184515e-41,3.21201439596021e-39
"hsa-miR-4448",3.99465845609116,9.9474362353586,179.134258120285,7.48944019108341e-41,3.44514248789837e-39
"hsa-miR-103a-3p",-2.0863515583694,11.9437977323599,169.902681183814,7.77001616883971e-39,3.33592694182185e-37
"hsa-miR-1268a",-4.69826579199136,6.17370910128028,153.494597832389,2.98662283131535e-35,1.20211568960443e-33
"hsa-miR-1268b",-4.34271938784996,6.30697160503698,150.985066212811,1.05597161765299e-34,4.00026895157957e-33
"hsa-miR-1275",-4.45720249940355,6.26815349482801,147.96059014252,4.83889198028584e-34,1.73124801961338e-32
"hsa-miR-103b",-2.04055574305808,11.9934486164888,146.861083835984,8.41587131842108e-34,2.85253743634904e-32
"hsa-miR-12135",-9.14120419714506,5.67415167215168,143.637710305099,4.26383800412371e-33,1.37295583732783e-31
"hsa-miR-3184-3p",2.25603224454243,11.2897093101892,142.238286328002,8.62539465839071e-33,2.64512102857315e-31
"hsa-miR-5100",3.49361603296261,6.15375033981224,140.552842261237,2.01521580922732e-32,5.89908627791999e-31
"hsa-miR-423-5p",2.2023132036106,11.3052716189602,139.46487343461,3.48525935754856e-32,9.75872620113597e-31
"hsa-miR-3195",4.71967506142149,5.11501939177541,139.205810527953,3.97089164593131e-32,1.06552259165823e-30
"hsa-miR-106a-5p",-3.48118466805241,6.56963770230916,137.853362065314,7.84619199540608e-32,2.02117905801661e-30
"hsa-miR-4492",4.81361947085943,4.86603665728495,135.64220581321,2.38928026914611e-31,5.7972544575199e-30
"hsa-miR-20a-5p",-1.71176253906175,11.458519214969,135.608221838093,2.43052593715896e-31,5.7972544575199e-30
"hsa-miR-122b-3p",6.54002139750127,4.79600232127409,131.587128110242,1.84209313259445e-30,4.23681420496724e-29
"hsa-miR-374a-3p",-2.24067385627429,7.58262919704859,110.770548407632,6.64313466622153e-26,1.47523404311954e-24
"hsa-miR-221-5p",-1.82142430692793,11.1108708194414,109.958587034953,1.00059443978287e-25,2.1479427307339e-24
"hsa-miR-122-5p",5.28002647315799,4.96466681411386,104.475492125226,1.59149820602162e-24,3.30620917638039e-23
"hsa-let-7a-3p",-1.91043649022427,8.1075544182182,103.698142445943,2.35612026051851e-24,4.7416920242935e-23
"hsa-miR-1260a",-3.23699293034896,5.96213273078196,88.5476974168165,4.9623789373944e-21,9.68415768388482e-20
"hsa-miR-4284",1.91531637732602,7.95000698310176,88.0163660874366,6.49151280357739e-21,1.22956889573642e-19
"hsa-miR-12136",1.91452688111797,7.53554170832222,83.2234569236185,7.3282943545427e-20,1.34840616123586e-18
"hsa-miR-17-5p",-1.29083859199141,10.5880400180585,78.3569496605396,8.60062420959597e-19,1.5385561086055e-17
"hsa-miR-21-3p",-1.66953014323324,7.74946798425857,74.2432317666188,6.90611941466159e-18,1.20203808190326e-16
"hsa-miR-1246",2.02524369535302,9.83056804207534,70.08447497283,5.68183920979341e-17,9.62922223975515e-16
"hsa-miR-671-5p",-1.95614469813695,6.851009028989,62.0037784867723,3.42798918393944e-15,5.6605770114282e-14
"hsa-miR-3196",3.86693530324438,4.14014444476837,60.8354133418585,6.20515796872412e-15,9.99030432964583e-14
"hsa-miR-4634",6.18140762002741,3.77440205802159,59.4996574994757,1.22315408823758e-14,1.92124690932927e-13
"hsa-miR-3917",4.54595586695879,3.74703228571274,59.3927186814145,1.29146046182921e-14,1.98023937480478e-13
"hsa-miR-8485",2.1066808492603,6.11484205588317,58.3998991458223,2.13901972383169e-14,3.2035551212735e-13
"hsa-miR-1260b",-1.88191860899153,6.47529511788773,56.755051120971,4.93621323904543e-14,7.22482119533013e-13
"hsa-miR-200a-5p",-1.51087062009846,8.87381687817526,56.6616150870572,5.17641925054805e-14,7.40803110522876e-13
"hsa-miR-155-5p",3.73685460802124,5.17506465983348,55.177883002996,1.10100670756669e-13,1.54140939059337e-12
"hsa-miR-31-5p",-1.30979171125516,10.711818694353,54.7950104323608,1.3377997974517e-13,1.83307036076361e-12
"hsa-miR-181b-3p",-3.46971341647788,5.11177677742578,49.9243197491203,1.59791780280563e-12,2.14387305209756e-11
"hsa-miR-3662",-4.43598503259446,4.43178562461228,47.9946165635888,4.27391026670321e-12,5.61713920766707e-11
"hsa-miR-4443",1.96516838320038,5.6818486177777,46.2096053790355,1.06254781619368e-11,1.36856158725747e-10
"hsa-miR-30c-2-3p",-1.08531651982442,9.23446017531333,44.8067928260356,2.17466956598427e-11,2.74605333430171e-10
"hsa-miR-10394-3p",5.62129266181414,3.30361550954246,44.6282409167585,2.38230486886776e-11,2.95039295298239e-10
"hsa-let-7g-5p",-1.06720785730305,12.1084681724151,44.2583651584443,2.87772042870162e-11,3.49670180393178e-10
"hsa-let-7b-5p",1.07249598229469,9.72912449801865,43.9597369154248,3.35200677603082e-11,3.99757845141453e-10
"hsa-miR-26b-5p",-1.10598766978443,10.4318522359056,43.7203401798974,3.7881417149484e-11,4.43556957168503e-10
"hsa-miR-4485-3p",1.52259706894029,7.64865423986876,43.1320879115556,5.11661840893432e-11,5.88411117027447e-10
"hsa-miR-139-5p",1.54827567512318,6.31158049331527,42.0092434784335,9.0842980942462e-11,1.02636631099904e-09
"hsa-miR-148b-3p",-0.936021220587823,11.3919115262585,40.7231737728295,1.75394792347201e-10,1.94748700468271e-09
"hsa-miR-10395-5p",-4.223710044857,4.2515273754446,39.2866481166444,3.6593509355217e-10,3.99427458046776e-09
"hsa-miR-200b-3p",-0.890823162032144,12.6540345275113,39.1581758511064,3.90823229590115e-10,4.19483599760056e-09
"hsa-miR-1180-3p",0.983177206165904,10.2531019868177,38.3293387840897,5.97574364591185e-10,6.30881788191349e-09
"hsa-miR-374b-3p",-1.89362293796658,5.81019236855312,37.0604586003054,1.14522668754865e-09,1.18955804319569e-08
"hsa-miR-19a-3p",-1.19311572747473,7.54963162153098,36.8563817252096,1.27159180166797e-09,1.29984939726059e-08
"hsa-miR-3605-5p",3.2493581944715,3.55131146075079,36.812355357162,1.30063363805845e-09,1.30876259829632e-08
"hsa-miR-150-5p",6.94325213719059,4.28057552046259,36.6205697372211,1.43509359494502e-09,1.42184657714553e-08
"hsa-miR-935",1.57301168430156,7.12405722238773,36.4647929696369,1.5544885957643e-09,1.51680402374578e-08
"hsa-miR-5787",6.13542538420675,2.49039927924955,34.6349080070828,3.97709997220261e-09,3.82276474940072e-08
"hsa-miR-29b-1-5p",-1.71126515347028,6.15291886467242,32.9526858333692,9.44292015736137e-09,8.94300085491282e-08
"hsa-miR-455-5p",-0.881727658934806,10.5303081538507,32.8564571578586,9.92209509150205e-09,9.26062208540191e-08
"hsa-miR-663a",-6.86144386209185,3.70672604769655,32.6504549969733,1.10313589865936e-08,1.01488502676661e-07
"hsa-miR-27b-5p",-1.95690781536846,5.25626091297537,30.9505488846334,2.64687215601565e-08,2.40082488517476e-07
"hsa-miR-130b-5p",-1.45220835159029,8.49932960185324,30.6827715736977,3.03851006249098e-08,2.7177784447836e-07
"hsa-miR-5585-3p",1.36556976269964,7.91239694934748,30.394792024357,3.5247319791459e-08,3.10948958160269e-07
"hsa-miR-574-5p",1.3860585674989,6.35950812782053,30.0398125655878,4.23266328057556e-08,3.66228657689635e-07
"hsa-miR-671-3p",-0.991979541762058,8.3186112489667,30.0250153542582,4.26508529918053e-08,3.66228657689635e-07
"hsa-miR-340-5p",-1.07750244708356,8.4007849262001,29.5815085164177,5.36139823222494e-08,4.54307955467482e-07
"hsa-miR-15b-5p",-1.21525876613341,6.68847887460624,29.5415687423307,5.47302113964743e-08,4.57743586225058e-07
"hsa-miR-27a-5p",-1.1745798455601,10.741320515201,28.9565060115506,7.40217797340803e-08,6.11154181394202e-07
"hsa-miR-484",-0.897956866681863,9.21709354169537,28.0971067507221,1.15378217199571e-07,9.40551542740805e-07
"hsa-miR-486-5p",3.59297122504513,3.0506866653047,27.5823692155833,1.50544759277427e-07,1.21188531218329e-06
"hsa-miR-1257",-6.41647807016251,3.36843908415807,27.2622406754304,1.77646912254899e-07,1.41240261101426e-06
"hsa-miR-22-3p",0.841003620110967,10.1228653192237,26.3021687786884,2.91960632952634e-07,2.29295911733532e-06
"hsa-miR-6089",4.37662937040217,2.42369656856026,26.0588321382902,3.31170433284233e-07,2.56956336186803e-06
"hsa-miR-3168",3.50899304090481,3.41739536443358,25.8347253028963,3.71936399514745e-07,2.85151239627971e-06
"hsa-miR-500a-3p",-1.32591211158095,6.60070219797531,25.534892077175,4.34454596242384e-07,3.29163247035406e-06
"hsa-miR-182-5p",-0.79315631218383,11.6228345876317,24.9087990574488,6.01074535690465e-07,4.50106977889139e-06
"hsa-miR-139-3p",2.42635377094493,3.88581175532837,24.8658216051329,6.14625183132611e-07,4.5496392866368e-06
"hsa-miR-30a-5p",-0.720218722287847,14.6021396959565,24.2325059784639,8.53790570168266e-07,6.24819462714049e-06
"hsa-miR-454-3p",-1.27321797885372,6.44298922688456,23.2873323414323,1.39515873307008e-06,1.00953058887318e-05
"hsa-let-7f-5p",-0.807819528208809,12.3886151771345,22.9024601114167,1.70433582544313e-06,1.21954696842819e-05
"hsa-miR-320c",1.34832620141988,5.726811081012,22.7574999640716,1.83785470476722e-06,1.30063563721988e-05
"hsa-miR-128-1-5p",-1.7242978319926,5.08100673084654,22.38268060846,2.23379344701333e-06,1.56365541290933e-05
"hsa-miR-4463",2.97834127274166,3.63687111256126,22.1572680434251,2.51203162205281e-06,1.7395143705398e-05
"hsa-miR-10400-5p",3.43242831603235,2.67658746693482,21.985031036215,2.74785237113487e-06,1.88257119894772e-05
"hsa-miR-10525-3p",-3.93037221149514,3.33972663343857,21.9236004874556,2.83723109429459e-06,1.92334402602707e-05
"hsa-miR-1307-5p",-1.62424775757501,5.55806493559562,21.3140620818447,3.8986113943844e-06,2.60088238864686e-05
"hsa-miR-573",-6.09685969752492,3.14022827012272,21.3048074903787,3.91747813196809e-06,2.60088238864686e-05
"hsa-miR-16-1-3p",-6.1033661054703,3.14148042079081,21.16649479134,4.2106157418621e-06,2.76697605893795e-05
"hsa-miR-4485-5p",2.53369213234818,3.07137631230917,21.095527595344,4.36946744877766e-06,2.84236064344728e-05
"hsa-miR-381-3p",-1.12156593532996,6.49415151934968,20.7547961985816,5.22006768125268e-06,3.36172358672673e-05
"hsa-miR-744-5p",0.710962733688726,9.25805780373118,20.5003623016079,5.96199652800078e-06,3.80151065745792e-05
"hsa-miR-107",-0.958630336121465,6.98994670383677,20.4478456784199,6.12784940106268e-06,3.86895589635722e-05
"hsa-miR-3141",6.26450731194658,2.49579244589981,20.2923480605511,6.64658712923834e-06,4.15573020507718e-05
"hsa-miR-342-5p",1.28043207731401,5.72969733691527,20.0625097350406,7.49516359464286e-06,4.64123591822116e-05
"hsa-miR-218-5p",-0.98688318492878,8.94312331683682,19.9459185502081,7.96638306684422e-06,4.88604828099779e-05
"hsa-miR-4508",2.72504001392545,3.44265634996903,19.1403758772332,1.21448328617609e-05,7.37855883299433e-05
"hsa-miR-663b",-6.00631723619566,3.09727250541889,18.9803676239517,1.32070383861416e-05,7.94890908474315e-05
"hsa-miR-93-5p",-0.705006873030146,10.7608774325098,18.8731371852393,1.39706209128228e-05,8.33062950727582e-05
"hsa-miR-760",1.30292543112892,6.49819281713059,18.6982569479832,1.53122396195959e-05,9.04686450919243e-05
"hsa-miR-6131",5.14062735183604,1.97676955377454,18.6689903599071,1.55490815547898e-05,9.10328047389512e-05
"hsa-miR-32-5p",-0.946588016874159,7.25241525470271,18.2099841711287,1.97839001814556e-05,0.000114782267719436
"hsa-miR-100-3p",-2.52363411048582,3.94841848039863,17.9318063633611,2.28962587674816e-05,0.000131653487913019
"hsa-miR-100-5p",0.650761939183509,17.1647402801213,17.8159546358313,2.43334263076346e-05,0.000138678995947935
"hsa-miR-7-5p",-1.00196855770061,14.1326676279817,17.6957658274535,2.59202932241964e-05,0.00014642691961739
"hsa-miR-2110",1.18716031978497,5.36416596126147,17.66251717632,2.63773628128205e-05,0.000147713231751795
"hsa-miR-125b-5p",0.611054991185009,11.6190708589674,17.6189657360302,2.69883406700435e-05,0.000149831822340586
"hsa-miR-505-5p",1.60729614400802,4.75553850968083,17.582659386793,2.75085343841993e-05,0.000151414496952345
"hsa-miR-320b",0.746822080957072,9.17390020421646,17.279185118684,3.22702509217462e-05,0.000176118996555971
"hsa-miR-203a-3p",3.00199280481234,2.84860222829189,17.2376686423948,3.29831350528284e-05,0.000178496966168248
"hsa-miR-24-3p",0.574799991586084,12.5359713403902,17.003682870319,3.73073838757329e-05,0.000200216293466433
"hsa-miR-3529-3p",-0.975467808270118,14.1471477593867,16.4334346543257,5.03885762406299e-05,0.000268183827264179
"hsa-miR-1244",4.95389250945077,1.90135098175374,16.3368212974062,5.30236018385476e-05,0.000279895078557579
"hsa-miR-101-3p",-0.694419958945709,10.4383997579547,16.1502819598579,5.85098589384782e-05,0.00030634430208439
"hsa-miR-6808-3p",3.8828785127944,2.18223422950363,16.1133991749106,5.96604318071466e-05,0.000309849339385503
"hsa-miR-320d",1.72736375426988,3.82208862941666,15.9277713982343,6.58060432445641e-05,0.000339032734795994
"hsa-miR-129-5p",0.807322721226251,11.9866380053473,15.8494674646689,6.85858349241373e-05,0.000350549822945591
"hsa-miR-16-2-3p",-0.601816650505236,9.91575468577063,15.3273400566014,9.03987021725041e-05,0.000458399718103092
"hsa-miR-450b-5p",-2.44816566990271,3.64141211936601,14.8499244121278,0.000116412735121704,0.000585701573581072
"hsa-let-7c-5p",0.700804668548194,9.60190281773549,14.805564178364,0.00011918332860954,0.000594992741275534
"hsa-miR-22-5p",1.03387499327079,5.92386528591078,14.4478298681017,0.000144095790959012,0.000713828379827723
"hsa-miR-146a-5p",-0.589388469351134,13.9634193879414,14.3092746682948,0.000155098827227567,0.000762470570492772
"hsa-miR-153-5p",-5.30377539416992,2.59993485276961,14.1386921248904,0.000169814745684339,0.000828490122884201
"hsa-miR-99b-5p",-2.70852750410848,3.50150002434996,14.0402674528552,0.000178937492192838,0.000866434172723217
"hsa-miR-1236-5p",4.73914594042066,1.81846017781385,14.0032550654651,0.000182494430116582,0.000877062783545365
"hsa-miR-3689a-3p",-3.47084474148501,3.01479467995515,13.6099713271381,0.000224987325611201,0.00107327287180454
"hsa-miR-106b-5p",-0.826869359391365,7.29121344981863,13.5752654089626,0.000229185580533711,0.00107749392004922
"hsa-miR-574-3p",1.25316471614256,4.78816223938612,13.5749964078791,0.000229218427091217,0.00107749392004922
"hsa-miR-1285-5p",1.55880805797495,4.1141009850286,13.4580704721926,0.000243954519246676,0.00113845442315116
"hsa-miR-589-5p",0.854442397970253,6.94023488769661,13.300472806184,0.000265339197545965,0.00122934131812663
"hsa-miR-584-5p",0.82693030552558,6.97366833992562,13.1512821708958,0.00028732256480622,0.00132168379810861
"hsa-miR-548o-3p",-0.750490360526352,7.46894204183429,13.1083390439442,0.000293984219399793,0.00134273643470544
"hsa-miR-1226-3p",-1.57337803673711,4.46025595520363,13.057526094926,0.000302068155552098,0.00136994290264473
"hsa-miR-4721",4.72280165549865,1.81761388146776,12.9937884601725,0.000312525999835403,0.00140745974751048
"hsa-miR-3648",-5.28278692223674,2.59718532506594,12.8332904253826,0.000340506427498731,0.00152282041186932
"hsa-miR-6807-5p",4.70908166632312,1.81670874871069,12.6760401182663,0.000370371125296452,0.00164495865304079
"hsa-miR-301a-5p",-1.14684134732258,5.30181864987182,12.6470363731512,0.000376161508310647,0.00165923295446614
"hsa-miR-21-5p",-0.528986507378444,18.5454316117366,12.6218307259187,0.000381267746021299,0.00167031583971236
"hsa-miR-1307-3p",0.553208899066892,12.200015229042,12.5418146358332,0.000397945656861657,0.00173160137174937
"hsa-miR-143-3p",-1.16305584433589,5.76527333486635,12.496296803558,0.000407759485980867,0.00176239670450791
"hsa-miR-374c-3p",-0.723384858331971,7.24141889763988,12.4762220519439,0.000412164927443285,0.00176956142182317
"hsa-miR-181a-3p",-0.66821071916861,7.81893167182423,12.3419786891623,0.000442885342732679,0.00188886199152216
"hsa-miR-25-5p",-0.679287826506866,7.52628626632281,12.2476038790213,0.00046585598914621,0.00197375826980368
"hsa-miR-877-5p",-0.791109584437572,6.84281316424698,12.1718673908416,0.000485157104868585,0.00204209918650568
"hsa-miR-4502",-3.28154993883149,2.88437810472022,12.1392745088217,0.000493709783411697,0.00206460454881255
"hsa-miR-132-3p",0.692973365277886,6.8808188755006,12.1121702175082,0.000500937998975668,0.00208131658929245
"hsa-miR-1291",-2.48608293002425,3.37294981303798,12.0401824487186,0.000520658751928065,0.00214938612975432
"hsa-miR-652-5p",-3.4467480647496,3.0164211992001,11.8537404756999,0.000575456432305105,0.00236047097072922
"hsa-miR-32-3p",-1.23571155172123,5.01324648041405,11.7846541223976,0.000597209873568302,0.00243419720618979
"hsa-miR-27b-3p",-0.525834575995324,10.1720496805373,11.6941402313739,0.000626972337265922,0.00253377752935217
"hsa-miR-9-5p",-0.577686217471378,10.2324759538718,11.6866246461965,0.000629509945180662,0.00253377752935217
"hsa-miR-3074-5p",0.521789236145692,10.0398706874466,11.6628583166982,0.000637603022530336,0.00255041209012134
"hsa-miR-592",-1.69665858916883,4.15991535567338,11.5876128347644,0.00066392583990556,0.00263931012900729
"hsa-miR-30c-5p",-0.479934985224804,12.2871339341523,11.395168200351,0.000736353812234808,0.00290927518453507
"hsa-miR-30d-3p",-1.001348862448,5.54252303852995,11.3625210527404,0.000749410327777197,0.00292668513447798
"hsa-miR-185-3p",-1.08677914903395,5.2433856984308,11.3614330589912,0.000749849452156625,0.00292668513447798
"hsa-miR-6727-5p",4.47846014976533,1.73194475134466,11.3397170932042,0.000758668806251776,0.0029432693447358
"hsa-miR-3167",-1.61537534022031,4.09018895093032,11.2784504502431,0.000784119784686409,0.00302379126549729
"hsa-miR-193b-3p",2.46088272350735,2.40946470187679,11.2562618250406,0.000793548593430317,0.00304193627481622
"hsa-miR-361-5p",-0.640804501664008,7.58187860390622,11.1079635616585,0.000859578236037174,0.00327555256809432
"hsa-miR-4301",3.40014724998054,1.97565874121888,11.0546131937049,0.000884668005661089,0.00335133056262201
"hsa-miR-140-3p",-0.580025213695243,9.07679747521422,10.9678159888544,0.000927079584421518,0.00349145761618396
"hsa-miR-296-5p",1.39707078756728,4.35931073849869,10.8750316146495,0.00097469365261218,0.00364943437373398
"hsa-miR-641",-0.877526909001537,5.85668087106835,10.8026944652106,0.00101352469350436,0.00377288961050179
"hsa-miR-1910-3p",2.80852061063184,2.35741818096406,10.6530042214388,0.00109892260396974,0.00406727676411788
"hsa-miR-374a-5p",-0.658183605555884,7.10136706577587,10.5724298902453,0.00114786744716405,0.00422415220556369
"hsa-miR-494-3p",-2.53005938839261,3.4234564275985,10.4598881730002,0.00121994663083217,0.00446389562645407
"hsa-miR-642a-3p",2.8563229353196,2.11266244511565,10.1541458434045,0.00143977088778514,0.00520916789337348
"hsa-miR-5581-3p",2.85631722848113,2.10781306802814,10.1541072056239,0.0014398010636964,0.00520916789337348
"hsa-miR-181b-2-3p",-1.84007144253144,3.81885490725283,10.0608325084567,0.00151454772437592,0.00544898734356476
"hsa-miR-105-5p",0.566088889790646,8.21898790826025,10.0111134614213,0.00155598422014963,0.00556696576542422
"hsa-miR-9903",-0.988793134273667,5.14229134122608,9.9735169642122,0.00158807856943712,0.00565040109788676
"hsa-miR-3199",-4.95387094682308,2.40851430073953,9.91128222794478,0.0016426863152819,0.0057857189304519
"hsa-miR-483-5p",1.46089446911806,4.61661327300305,9.90972311379944,0.00164407851595139,0.0057857189304519
"hsa-miR-548t-3p",-2.52513945690421,2.98972215497826,9.78104885751889,0.00176319706347767,0.00617118972217184
"hsa-miR-625-3p",0.631616369555957,8.48889457100707,9.7302153123249,0.00181263252831007,0.00630992080125234
"hsa-miR-1301-3p",0.498776154764937,8.61454653903783,9.6927277466219,0.00184998706944648,0.00640533157378244
"hsa-miR-616-5p",2.06343074864065,2.69945550944452,9.48637967908769,0.0020700288772483,0.0071288695023952
"hsa-miR-454-5p",-0.999868010370356,5.09629418898984,9.32006110559257,0.00226658434868445,0.00776425702421696
"hsa-miR-199b-3p",-1.00490754706305,5.94180721912377,9.20709557159081,0.00241078870132051,0.00821453927857358
"hsa-miR-6893-5p",4.18375482526348,1.64384829581353,9.10401034158397,0.0025504967577174,0.0086448416419474
"hsa-miR-339-5p",0.814137576493936,6.42802278744384,9.02280410910823,0.00266632042539558,0.00899010656520815
"hsa-miR-6858-5p",3.1854752294052,1.89364349113714,9.00809446099336,0.00268786510083672,0.00901554752572316
"hsa-miR-125a-5p",-3.24532998102579,2.85065269310752,8.92201063196201,0.00281754153220897,0.00936246528297429
"hsa-miR-10a-5p",0.648463426550713,11.3550811653392,8.92017815867129,0.00282036997654815,0.00936246528297429
"hsa-miR-24-2-5p",-0.510523737135343,8.23473783403772,8.75545043914708,0.00308678123117399,0.0101942928865438
"hsa-miR-199a-3p",-0.836649430676381,6.03689471410276,8.7237090011551,0.00314098400925454,0.0103203760304078
"hsa-miR-99a-5p",0.5004610177159,8.202412941257,8.70094404140404,0.00318045292443622,0.0103970136209996
"hsa-miR-382-3p",-2.92307391376503,2.65635163173476,8.63929432989586,0.00328988835903265,0.0107004449657426
"hsa-miR-200a-3p",-0.528665833302782,9.26037413791395,8.62487418701644,0.0033160334230804,0.0107312840425315
"hsa-miR-26a-5p",0.491972786335054,13.8327830160613,8.38991783068153,0.00377307965581697,0.0121493164917307
"hsa-miR-222-5p",0.914743972788855,5.54674662054541,8.3790456256524,0.00379571688143365,0.0121614013514591
"hsa-miR-5689",2.66946301273225,2.04388816451639,8.29424744123963,0.00397708580266448,0.0126794220639402
"hsa-miR-548aq-3p",-1.58587959083548,3.79539786861908,8.21344610406645,0.00415811071740786,0.013191247793156
"hsa-miR-7-1-3p",-1.44939670455297,4.09610443795744,8.15888858823089,0.00428506227941798,0.0135273534703195
"hsa-miR-30e-3p",-0.422342100508481,10.7526686382033,8.11745089074522,0.00438411610036798,0.0137725403348145
"hsa-miR-4677-3p",-0.647447403476803,7.52251973638059,7.94646614369832,0.00481813676650599,0.0150625246486886
"hsa-miR-28-5p",0.56258434393064,6.85307264897942,7.82528153245226,0.00515204211034936,0.0160103021790104
"hsa-miR-3158-5p",1.85806634703938,2.60610077395542,7.81863302811167,0.00517102927520832,0.0160103021790104
"hsa-miR-142-3p",-0.545999136727776,7.25290124111262,7.55558037094487,0.00598245283061039,0.0184339694876225
"hsa-miR-362-5p",-0.984315621991142,5.24443684250496,7.53207828832056,0.00606099484854693,0.0185870508688773
"hsa-miR-96-5p",-0.638812110748605,6.92247094181557,7.44415428694296,0.00636428172067961,0.0194246323607472
"hsa-miR-548d-5p",-1.12682297044462,4.63895593621926,7.31510144591669,0.00683775392074345,0.0207712902120697
"hsa-miR-6873-3p",-2.00098148495499,3.03194897480755,7.27521030337826,0.00699127070372929,0.0211379264469562
"hsa-miR-193a-3p",-1.59918679826661,4.03307069726065,7.2460491826388,0.00710571826451288,0.02138356337545
"hsa-miR-2467-3p",3.2781430222945,1.90048195522859,7.23416384306699,0.00715291162260838,0.0214254655114409
"hsa-miR-4745-5p",1.74519868359605,2.91628160170695,7.07296779009563,0.00782555271929218,0.0233317405149267
"hsa-miR-320a-3p",0.449974216060526,12.1333584517249,6.89769966094376,0.00863067302905222,0.0256136102797679
"hsa-miR-134-5p",1.10248290815341,3.90132322216469,6.74075371205651,0.00942348034312815,0.027838171288874
"hsa-miR-19b-1-5p",-2.59689872146604,2.46854492344141,6.65241866145086,0.00990213180137029,0.0291185976259473
"hsa-miR-6735-5p",1.79731841844178,2.46230608885212,6.64291038243336,0.00995511717317612,0.0291413429978428
"hsa-let-7d-5p",0.463829566239461,7.49277274327362,6.57150507751521,0.0103624282935225,0.0301963973802195
"hsa-miR-299-5p",2.45483673676875,1.96642372106283,6.49854444770447,0.0107962842535141,0.0313189507174013
"hsa-miR-4484",-2.18907247394514,2.77370901731694,6.46565138066876,0.010997932160769,0.0317608444463463
"hsa-miR-4426",2.62673865632378,2.03979984342537,6.44855897201091,0.0111042371519623,0.0319246818118916
"hsa-miR-4749-5p",2.91545344377403,1.81559317329039,6.43698550795313,0.011176815598029,0.0319905299783586
"hsa-miR-4793-3p",2.97523161339097,1.81599010221041,6.40343061383221,0.0113900061586335,0.0324564777263714
"hsa-miR-10396b-5p",-2.17076336399705,2.77273121986647,6.2953271154709,0.012105667477629,0.0343438319629651
"hsa-miR-142-5p",0.63331865728306,6.06712429750295,6.24009937280363,0.0124889468229221,0.0351760984699291
"hsa-miR-15b-3p",-0.677908065906079,5.80784267389671,6.23736118670373,0.0125082710397729,0.0351760984699291
"hsa-miR-505-3p",-0.558435859147391,6.74988797668648,6.20733070725754,0.0127222325761577,0.0356222512132416
"hsa-miR-190a-5p",-2.59334380135987,2.46937477515589,6.1755653606071,0.0129526514699571,0.0361104222798804
"hsa-miR-203b-5p",2.1331866686672,2.70713095387299,6.0930489257351,0.0135714698336313,0.037672528331287
"hsa-miR-30c-1-3p",-0.715177940466491,5.5065372966923,6.08492637269793,0.0136340049017843,0.0376836873680218
"hsa-miR-3184-5p",0.371349774556458,10.0618936198026,6.046387428559,0.0139347785469355,0.0383504161719078
"hsa-miR-378a-5p",0.678868658072216,6.06063295041122,5.99734972567712,0.0143273853238703,0.0392631325471168
"hsa-miR-548aa",-1.83416518212299,2.92799533905583,5.92108802667882,0.0149607171305179,0.0406662412623152
"hsa-miR-4760-5p",-2.50644105839909,2.42354316990987,5.92050341384439,0.0149656819552309,0.0406662412623152
"hsa-miR-193a-5p",0.394746931477774,9.12341198570886,5.83299954379676,0.0157282835881237,0.0425588850031582
"hsa-miR-4517",-2.60479134033323,2.47591510629582,5.82159745636553,0.0158305610284637,0.0426564071227224
"hsa-miR-210-5p",-2.50990476802191,2.42047244772765,5.72685813021581,0.0167073480001549,0.0448313838004155
"hsa-miR-548g-3p",-1.51761997521841,3.24660631427199,5.68463199900729,0.0171141283970452,0.0457323596999881
"hsa-miR-197-3p",0.424944855193672,8.36733623228196,5.62889893316817,0.0176667250336077,0.0470139294282784
"hsa-miR-4326",0.474587076389447,7.58096643892004,5.54160287728055,0.01856956682715,0.0492131729904717
"hsa-miR-148a-3p",0.799276003071688,6.18481061959781,5.440457073919,0.0196755200541526,0.0519304709625996
"hsa-miR-500a-5p",-1.22156744389796,3.90647550988465,5.40425592843723,0.020087709921426,0.0528019803648912
"hsa-miR-92a-1-5p",-0.526403876850833,7.33577324142049,5.39097185729426,0.0202411944352593,0.0529891431557195
"hsa-miR-758-3p",-2.40923365991266,2.3670123891973,5.35790233482434,0.0206285721319175,0.0537846172184408
"hsa-miR-548x-3p",-2.40810288471286,2.36783950297634,5.33946341566489,0.0208478893088191,0.0540197129546887
"hsa-miR-186-5p",0.463531670111449,9.93339835554843,5.33623771338852,0.0208865039219216,0.0540197129546887
"hsa-miR-1226-5p",1.19272195830295,3.53437478689679,5.31686276600936,0.0211200025916997,0.0544051266762185
"hsa-miR-2278",2.44991871234555,1.96648099821303,5.30575469599257,0.021255089322677,0.0545349702143585
"hsa-miR-532-5p",0.364042643176807,10.3464985300244,5.28692650615609,0.0214861081171915,0.054908942966156
"hsa-miR-548ae-3p",-2.52431263415644,2.42568394829701,5.21069224804137,0.0224483949455134,0.057141368952216
"hsa-miR-3177-3p",0.806253042525367,4.46737771068715,5.17421502881125,0.0229245270892698,0.0581236041161013
"hsa-miR-1304-5p",0.551912944133884,6.98342334754128,5.156449359609,0.0231601985616555,0.0584908544066907
"hsa-miR-542-3p",-1.55006126733066,3.0328331600937,5.14720859602378,0.0232837740507519,0.0585649027885626
"hsa-miR-7976",-1.26992146674384,3.81552834158572,5.14068702022811,0.0233713975413984,0.0585649027885626
"hsa-miR-31-3p",-0.535981286801857,6.05965106293199,5.10706326947813,0.0238286218361904,0.059479195591111
"hsa-miR-378b",-1.60503391259163,3.06203820691885,5.08050385861844,0.0241963374112893,0.0598163046987359
"hsa-miR-1290",2.62725989825682,1.72680921471505,5.07865622894631,0.0242221359033262,0.0598163046987359
"hsa-miR-6511b-3p",1.72388223688138,2.29538922938082,5.07721195204082,0.0242423222459163,0.0598163046987359
"hsa-miR-152-3p",-0.921345366555171,4.79772969318832,5.02534064711976,0.0249790115901258,0.0613987918474848
"hsa-miR-6772-3p",-2.41560731564269,2.36897230966366,4.95847011913459,0.0259631675661054,0.0635752087930489
"hsa-miR-92b-5p",0.472906415806217,7.27071329765618,4.93417740824049,0.0263305922218812,0.0641506745432567
"hsa-miR-378d",-0.454711968791216,7.02514209321832,4.92979788167688,0.0263974048974581,0.0641506745432567
"hsa-miR-502-3p",-0.6323413031128,5.55035558813628,4.91835845292091,0.0265727537191625,0.0643340353200778
"hsa-miR-6505-5p",-2.40896598506362,2.36985038575385,4.90075219674282,0.0268449998763989,0.0647497375295914
"hsa-let-7f-2-3p",-1.55326062002644,3.03549177000688,4.8870953717455,0.0270581720219671,0.0650203835154731
"hsa-miR-129-1-3p",1.82523914562202,2.17343348710243,4.79043306708732,0.0286182303533844,0.0681637000191187
"hsa-miR-5088-5p",2.20256602053573,1.89163107639137,4.78665186806644,0.0286811258058932,0.0681637000191187
"hsa-miR-6763-5p",2.20252506051905,1.89320856547569,4.78649170918186,0.0286837930204676,0.0681637000191187
"hsa-miR-296-3p",-0.485887095613652,8.51906605983719,4.7500786484417,0.0292969553642382,0.0693648502006227
"hsa-miR-33b-3p",-1.44304701357368,3.64015368488594,4.53129220478575,0.0332804789540373,0.0785077965069599
"hsa-miR-92a-3p",-0.308839251596964,14.5830867024571,4.49623312418404,0.0339696054731531,0.079840970528141
"hsa-miR-877-3p",-0.927952360200633,4.17746774241781,4.48656871608751,0.034162180412712,0.0800016152210418
"hsa-miR-30e-5p",-0.324699504744648,10.5755648951941,4.47328665203108,0.0344287051180308,0.0803336452754052
"hsa-miR-374b-5p",-0.471058243969897,7.18917593224496,4.46454623504654,0.0346052799400727,0.0804541526404579
"hsa-miR-6881-3p",-1.82608720845503,2.57049714426204,4.4489334145832,0.0349230520651057,0.0806221295122885
"hsa-miR-6851-5p",1.6336698251934,2.40203046977843,4.44869588120519,0.0349279101458517,0.0806221295122885
"hsa-miR-500b-3p",-1.22663572655896,3.55832577401465,4.43629846807121,0.0351824481704026,0.080919630791926
"hsa-miR-221-3p",-0.378995906524791,13.1697550460512,4.4025993626478,0.0358841966687321,0.0822399382728237
"hsa-let-7i-5p",0.368848485762963,14.5944826562333,4.35771970343126,0.0368415886636238,0.0841346918417509
"hsa-miR-4504",-1.24061216709525,3.25435964944052,4.34382522144257,0.0371433839257081,0.0845241669546148
"hsa-miR-181d-5p",0.748822227955,4.37533136044334,4.24836741781273,0.0392880819376461,0.088929074355839
"hsa-miR-20b-5p",-1.34034250259532,3.1264026788061,4.24335911609856,0.0394041306269678,0.088929074355839
"hsa-miR-485-5p",1.78062778862185,2.45386545869002,4.2281105895342,0.0397596777354227,0.088929074355839
"hsa-miR-485-3p",-2.19671950115005,2.25814767316708,4.22769034904817,0.0397695239355305,0.088929074355839
"hsa-miR-4690-5p",-2.19671950115005,2.25814767316708,4.22769034904817,0.0397695239355305,0.088929074355839
"hsa-miR-18a-5p",-0.476428906058375,6.16225133171054,4.17324027661702,0.0410671885198199,0.0915130429299793
"hsa-miR-6073",1.9448744979693,2.03534269435641,4.14425052403202,0.0417761450517043,0.0927718531493019
"hsa-miR-4791",-0.532590648410196,6.00499000444477,4.11079237030323,0.0426103944162513,0.0942992921101918
"hsa-miR-455-3p",-0.39700993245257,8.36325094119207,4.07757382488046,0.0434560135620081,0.0958413449792234
"hsa-miR-1287-5p",0.979186830121427,3.41750127202253,3.98494646388911,0.0459085595649781,0.100904820340771
"hsa-miR-429",-0.376204019736997,7.66993401293147,3.94278070899502,0.0470729059299237,0.103112079656023
"hsa-miR-548am-3p",-1.08169455708737,3.5980264099205,3.91772428166022,0.0477795168398808,0.104305114728418
"hsa-miR-577",-1.07738301919159,3.69276001068758,3.89474000756487,0.0484375357640834,0.105384368351587
"hsa-miR-1296-5p",0.737202512658528,5.22256175600992,3.8816273541747,0.0488172179616118,0.105852822785448
"hsa-miR-1304-3p",0.453381591469769,7.68493322030862,3.87296930974421,0.0490696364800885,0.106043107024084
"hsa-miR-1237-3p",1.53726132362523,2.22594090409689,3.76749401597008,0.0522578706836221,0.112311930924758
"hsa-miR-628-3p",1.25104997694874,2.60018729022886,3.76553167356304,0.0523192224804772,0.112311930924758
"hsa-miR-1468-5p",0.759947711514399,4.91171645710876,3.62847262472373,0.0567989203094237,0.121367478641649
"hsa-miR-4454",0.82428647462413,3.95844731554809,3.62508797399401,0.0569145629654939,0.121367478641649
"hsa-miR-137-3p",-1.07239818859029,3.46429663810166,3.56322446993997,0.0590728836237014,0.12555424770186
"hsa-miR-550a-5p",0.652170671797794,5.18357273790408,3.48541466236065,0.0619118486635089,0.131155363616118
"hsa-miR-196a-5p",0.741731603633015,4.04832694849876,3.4113348532418,0.0647500494495708,0.136718137198438
"hsa-miR-629-5p",0.315733370594084,9.51151422549007,3.33549341968487,0.0678000681697038,0.142690339546697
"hsa-miR-4745-3p",1.71990588136387,1.96765902476201,3.32361136902264,0.068291662220015,0.143256776774233
"hsa-miR-889-3p",-2.05264456243537,2.19970757420326,3.28924148538437,0.0697352306071968,0.14581002763323
"hsa-miR-125b-1-3p",-0.272556512172664,10.5996660676922,3.2784912052584,0.0701934311302222,0.146293105656515
"hsa-miR-548e-3p",-0.907242294212138,3.71523002135442,3.26911019414822,0.0705959048808845,0.146657299171902
"hsa-miR-1276",1.71603955115904,1.96267627855267,3.25264086858664,0.0713084805193624,0.147661290850384
"hsa-miR-199a-5p",-0.394174877469754,6.48320064899369,3.23622532314225,0.0720264047225782,0.148669886670963
"hsa-miR-548q",1.7240764542751,1.96623466088929,3.21176064375145,0.0731107723361533,0.150425998033491
"hsa-miR-149-5p",0.520959679922913,5.37294473089865,3.1726498805743,0.0748808636843603,0.153577312779389
"hsa-miR-200c-3p",0.773704278851808,3.76537988283038,3.11860089218905,0.0774032168065157,0.15824657658221
"hsa-miR-4709-5p",1.90888814306676,1.81306772496527,3.07697469092521,0.079408105616185,0.161831708913997
"hsa-miR-449c-5p",-1.36982112676842,2.65992652125455,3.06107453042859,0.0801886245005166,0.162201294639972
"hsa-miR-6515-5p",1.40575584186311,2.55410886587294,3.06033755544052,0.0802250016057421,0.162201294639972
"hsa-miR-219a-1-3p",0.391390049972844,6.41831780218229,3.05790798666,0.0803450512269427,0.162201294639972
"hsa-miR-6721-5p",1.25197229418074,2.50740615446297,3.03076777127276,0.0816993483602807,0.164419938575065
"hsa-miR-331-3p",0.415712054068039,6.92095196861895,3.00941283198745,0.0827822730962445,0.166080323594958
"hsa-miR-6877-5p",-1.37610237115295,2.66413728879269,2.97888738230587,0.0843572433604422,0.168714486720884
"hsa-miR-664a-5p",0.788232286216767,3.60794957082005,2.92145055441149,0.0874092551145662,0.173865527406424
"hsa-miR-6511b-5p",1.14989216807406,3.11380196905449,2.92027936153072,0.0874727187572694,0.173865527406424
"hsa-miR-4473",-0.588513122949418,5.16492747740125,2.85286953556543,0.0912110038160468,0.180346598679314
"hsa-miR-34a-5p",-0.436682463240218,6.47339192291713,2.85069780355555,0.0913342862210634,0.180346598679314
"hsa-miR-548h-5p",-0.458617596026914,5.87172534049151,2.84649279803949,0.0915735058511423,0.180346598679314
"hsa-miR-660-5p",-0.470694543418702,5.4962266284855,2.83951833452939,0.0919717795789562,0.180578737953804
"hsa-let-7a-2-3p",-0.702299340042352,4.53200639350397,2.82593491509005,0.0927528672990757,0.181558804074787
"hsa-miR-195-3p",-1.15428503862375,3.0018359449604,2.79735274161907,0.0944200845355089,0.183967547937444
"hsa-miR-29b-3p",-0.379724140023922,9.17774595545285,2.79506810437078,0.0945547490175371,0.183967547937444
"hsa-miR-582-3p",-0.956744110037729,3.39178450132498,2.71356108078234,0.0994986558456084,0.193003416760758
"hsa-miR-6874-3p",1.69756500544328,1.96364710941926,2.69220433739756,0.100840222978165,0.195018329122937
"hsa-miR-301b-3p",0.992909250692917,2.85495338848993,2.68261846152942,0.10144879462685,0.195607855508058
"hsa-miR-4677-5p",-0.67246830974773,4.5467297394878,2.63413141491577,0.104589245830304,0.20106111735736
"hsa-miR-181a-5p",0.271308090014369,10.4197926210268,2.59105074269193,0.107469019700605,0.205674954004801
"hsa-miR-654-5p",0.805928011200014,3.24129809283834,2.58870880749957,0.10762804270127,0.205674954004801
"hsa-miR-188-5p",-1.45116362520909,2.37472803189834,2.5799118065706,0.108227691957249,0.206129790176664
"hsa-miR-3146",1.32248270876911,2.16584655003893,2.57584407334247,0.108506209425294,0.206129790176664
"hsa-miR-191-3p",-0.885813904786436,3.88553675922052,2.56538401918814,0.109226031096876,0.206886953018788
"hsa-miR-130a-3p",0.418674162438444,6.32646164587539,2.56061363608967,0.10955605183097,0.20690351137579
"hsa-miR-93-3p",-0.493915707473833,5.27349201989519,2.55373993274226,0.110033511914886,0.20719760723154
"hsa-miR-339-3p",0.419391665227678,5.67535505741916,2.54683938334665,0.110515139220205,0.207497812413447
"hsa-miR-200b-5p",-0.336064456709761,6.75839350519372,2.51397350109048,0.112841089782108,0.211249016917668
"hsa-miR-1273c",1.09766262008734,2.45188864697279,2.45962408135083,0.116806734018506,0.217958222823156
"hsa-miR-26a-2-3p",-0.916230552411359,3.50662182820804,2.4544893654097,0.117189273341256,0.217958222823156
"hsa-miR-10526-3p",0.807423854877999,3.69643428727061,2.44766230348854,0.117700038973132,0.217958222823156
"hsa-miR-3144-3p",-0.62838714245756,4.43119285812981,2.44661424424732,0.117778666991395,0.217958222823156
"hsa-miR-501-3p",-0.338025236961688,6.45312181288585,2.43758409562915,0.118458541997151,0.218588255146605
"hsa-miR-495-3p",0.737122143726148,3.58391694374653,2.41731310217951,0.120000599785104,0.220354666296552
"hsa-miR-10401-5p",1.30934274482304,2.55259709754618,2.41601456920625,0.120100136444239,0.220354666296552
"hsa-miR-3691-5p",0.649080795835834,4.17584519587612,2.39764523099081,0.121518044240702,0.22232278548583
"hsa-miR-323a-3p",-0.814561019874247,3.89011843593242,2.35359963606513,0.124994084606675,0.228034533956653
"hsa-miR-551b-5p",-1.13360840743679,2.78106317926125,2.33272555895723,0.126679898286467,0.230457216091764
"hsa-miR-148b-5p",-0.383924001953401,5.96231724187016,2.3260165210451,0.127227084280531,0.230800682469469
"hsa-miR-6515-3p",1.35884432093959,2.0368311984691,2.28926726320257,0.130271410640556,0.235659518125051
"hsa-miR-3609",1.03688270810323,2.82183571595479,2.26350073246417,0.132454342245052,0.238937244834211
"hsa-miR-4286",0.915952645109596,3.37493538334932,2.23320434328314,0.135073462821369,0.242981313008273
"hsa-miR-6724-5p",-0.911250490374541,3.68118771259428,2.22411294626521,0.135870672884056,0.243734577541316
"hsa-miR-30b-3p",-0.557954266896049,4.830028104427,2.2087373644071,0.13723094930709,0.245028514546287
"hsa-miR-6789-3p",-1.11551015048341,2.78225100728355,2.20672227330795,0.13741035218112,0.245028514546287
"hsa-miR-425-3p",0.461866903063052,5.56342753414281,2.20310093499172,0.137733419667323,0.245028514546287
"hsa-miR-3187-3p",-0.73820876145984,3.79432159088065,2.12413658700938,0.144994467034887,0.257235363004042
"hsa-miR-4429",1.31327755861222,2.16206731826072,2.0981673495353,0.147475809368794,0.260918739652481
"hsa-miR-342-3p",0.321067430511419,7.09599153735419,2.05935203537991,0.151274484918905,0.266906214487054
"hsa-miR-3127-5p",1.33465813429721,2.15901231829685,2.0478887154992,0.152417426394195,0.268188039884868
"hsa-miR-1303",-0.315895433123592,7.1033110181,2.03769967718991,0.153441532833379,0.268901351502038
"hsa-miR-1293",1.0383110852759,2.97008176989306,2.03555670911676,0.153657915144022,0.268901351502038
"hsa-miR-767-3p",0.989787071749795,2.96862736407969,2.0111371916252,0.15614823480858,0.272518870506032
"hsa-miR-1269b",-0.285961806641962,7.60170028287163,2.00206192620092,0.157085392144137,0.273413493353579
"hsa-miR-4786-5p",1.41108290190719,1.88787838684122,1.98436163884778,0.158931670295902,0.275881389947604
"hsa-miR-1267",-1.33158918039667,2.3156068975264,1.960414295659,0.161469017226491,0.279532384660915
"hsa-miR-579-5p",-1.10103731403149,2.96755693539471,1.94455909180713,0.163174368905705,0.281265299451105
"hsa-miR-3129-3p",1.10758013022595,2.33840632184267,1.94299682723133,0.163343512414151,0.281265299451105
"hsa-miR-501-5p",-0.499418399307125,4.68239686111057,1.9335854518616,0.16436671167337,0.282272432847068
"hsa-miR-625-5p",0.530419636898948,4.5492491670225,1.92105127966386,0.165740814235659,0.283420550844271
"hsa-miR-29c-3p",0.694934252802451,3.69389366535491,1.91946684721316,0.165915446689892,0.283420550844271
"hsa-miR-4659a-3p",-1.03801617654074,3.09671307576144,1.88574022062975,0.169683165926286,0.289089838244783
"hsa-miR-127-3p",-1.05254731431146,3.6415602412142,1.86717826396783,0.171798606613728,0.291673150439939
"hsa-miR-423-3p",0.197245640251908,12.4939484059285,1.86450919714347,0.172105275104312,0.291673150439939
"hsa-miR-1277-5p",-0.810484619701537,3.43374161326782,1.85151235651479,0.173607600753342,0.292286052789821
"hsa-miR-548g-5p",-0.912940726455892,3.06428298057374,1.84955305388635,0.173835385786308,0.292286052789821
"hsa-miR-548ah-3p",-0.619529567361475,4.12746563234828,1.8474206538934,0.174083685829855,0.292286052789821
"hsa-miR-636",1.08231089916432,2.22716249820817,1.84506754976772,0.174358159008622,0.292286052789821
"hsa-miR-543",-0.578491462831252,4.90678100833039,1.84183328292416,0.174736227211306,0.292286052789821
"hsa-miR-130a-5p",0.76574051127225,3.10758256023364,1.80249404909845,0.179411268715723,0.299311655598528
"hsa-miR-590-3p",-0.891288128223813,3.61572176738424,1.79873208566687,0.179865855150047,0.299311655598528
"hsa-miR-138-1-3p",1.09866935972298,2.54383975535867,1.78145060656645,0.181971301155479,0.302034840062187
"hsa-miR-378f",-0.369364689550009,5.73671958267904,1.75617097582345,0.185102831694244,0.306442734218749
"hsa-miR-548k",-0.61806734166544,4.12134861221849,1.74006400778542,0.187130716736746,0.309005593790934
"hsa-miR-3174",-0.514093958995825,4.30647726465101,1.73282995082582,0.188049889825242,0.309729230300398
"hsa-miR-6866-5p",0.848749984485229,2.73131911511563,1.72767163863067,0.188708524141015,0.310021146803096
"hsa-miR-6511a-3p",0.896017917071624,2.90289718034066,1.71082165447881,0.190878799732589,0.312788669281901
"hsa-miR-3922-5p",0.931042856440196,2.50392259496392,1.69527492170532,0.192907075444156,0.315310042096539
"hsa-let-7f-1-3p",-1.21875152828796,2.26534057539674,1.66233173033392,0.197288792185278,0.321655651056504
"hsa-miR-548u",-0.62175362411026,3.81525460751987,1.65417977749741,0.198390994445298,0.32226720056442
"hsa-miR-365b-3p",-0.393110500424897,5.18925909942537,1.65216353272062,0.198664718360364,0.32226720056442
"hsa-miR-3940-3p",-0.979384072367322,2.70974185764637,1.64104210941849,0.200182546528005,0.32391346724632
"hsa-miR-744-3p",-1.22357225906838,2.26827644996315,1.61053787268881,0.204416210264808,0.329934935866007
"hsa-miR-329-3p",-0.975746793594629,2.70016961391474,1.59802829258055,0.206182854363781,0.331954395525688
"hsa-miR-378a-3p",-0.215423734423477,13.9297196986843,1.58363035102195,0.208238544770328,0.334427987112448
"hsa-miR-1271-5p",-0.311206884523557,6.21419230073804,1.56340207728099,0.211167785196249,0.3382886907124
"hsa-miR-365a-3p",-0.453415656336535,5.05857794941162,1.55432965625206,0.212497402860894,0.338570857798689
"hsa-miR-151a-3p",0.183416225045469,14.5215369005981,1.55258174453343,0.212754709832192,0.338570857798689
"hsa-let-7d-3p",-0.471020234959115,4.87595608153306,1.55080982523114,0.213015928557872,0.338570857798689
"hsa-miR-3689e",0.229200645189732,7.9958239367123,1.54789243014437,0.213446845133956,0.338570857798689
"hsa-miR-3128",1.07020850054781,2.10099400220448,1.5373068991283,0.215019113370174,0.340226803465337
"hsa-miR-126-5p",0.540059562030882,3.98807073276526,1.50159161789585,0.220426627841129,0.347928304729625
"hsa-miR-30b-5p",-0.29630225266018,6.19268172035768,1.48052605100875,0.223692234881442,0.351664191875037
"hsa-miR-379-5p",-0.366965600169809,5.11368502528814,1.47929034133178,0.223885587994977,0.351664191875037
"hsa-miR-3173-5p",-0.655805997426737,3.85829807348319,1.45534002603316,0.227673029197623,0.356743140640558
"hsa-miR-98-5p",0.262522845114377,6.70486909546551,1.41664240155428,0.233956838795684,0.365699524719467
"hsa-miR-939-5p",0.793247023868697,2.54730030558843,1.40136604908891,0.236494983379746,0.368771838490452
"hsa-miR-1278",-0.425729714085905,4.699569223199,1.39142251386841,0.23816501795277,0.37047891681542
"hsa-miR-642b-5p",1.09189455188052,2.09966039010442,1.3436711064203,0.246387597370155,0.382346054714168
"hsa-miR-17-3p",-0.506577830410105,4.0616837013239,1.33344437591305,0.248193382924077,0.384222448565158
"hsa-miR-4425",0.876849804507699,2.28638249619324,1.27075396268664,0.259625284666922,0.400956075121098
"hsa-miR-1294",0.672920657755039,3.14283845930133,1.26337471590932,0.26101326827172,0.402135274562171
"hsa-miR-499a-5p",0.78256483796843,3.30597791165104,1.25744324447493,0.262135604919973,0.402428411307539
"hsa-miR-105-3p",-0.55723785539151,3.87154300251205,1.25576990250176,0.262453311722308,0.402428411307539
"hsa-miR-548ae-5p",-1.08603099404712,2.20760733213615,1.24179727966677,0.265124955159232,0.405559313830275
"hsa-miR-6880-3p",1.05289042431282,1.95614023686051,1.23015553389891,0.267376792565599,0.407141882982445
"hsa-miR-1908-3p",1.05277459478784,1.96067608720712,1.22991310025369,0.267423938667041,0.407141882982445
"hsa-miR-16-5p",0.213686286264063,8.36228399292625,1.22552990718754,0.268278129289302,0.407479045429977
"hsa-miR-5009-5p",0.863399214506715,2.60046441283936,1.21274486056102,0.27078918983027,0.41032526647222
"hsa-miR-378c",0.171709457005534,10.3547182753596,1.2073424749024,0.271859077309118,0.410979450204394
"hsa-miR-324-3p",0.472607472179054,4.20163092196156,1.20174537123726,0.27297311369722,0.411562686101163
"hsa-miR-146a-3p",-0.704872544165597,2.94010452656321,1.19899305326178,0.273523027408848,0.411562686101163
"hsa-miR-137-5p",-1.08690065967383,2.20283124603082,1.17528863612749,0.278317226882503,0.417800219376066
"hsa-miR-210-3p",0.18408756131183,8.31992136961296,1.16836492515965,0.279737459212466,0.41838960892283
"hsa-miR-6818-3p",1.11697714461357,2.10454308002919,1.16704525035491,0.280009194791522,0.41838960892283
"hsa-miR-3689b-5p",0.192768809810051,7.89265253217413,1.15112428895944,0.283313920216714,0.422347603286027
"hsa-miR-301a-3p",-0.580594256748472,3.29371982063813,1.1428558510279,0.285049679642145,0.423953796049749
"hsa-miR-4684-3p",-1.0143282348707,2.46948299037957,1.13540743692886,0.286624854965313,0.42531430091627
"hsa-miR-18a-3p",0.237985827302889,6.40746514262326,1.12656856218459,0.288508456044797,0.427125162512297
"hsa-miR-1908-5p",0.407487889033223,4.29536444716224,1.11771617455425,0.290410752594147,0.428025565025903
"hsa-let-7a-5p",0.148863180527043,15.1253400789493,1.11755322218204,0.29044591912472,0.428025565025903
"hsa-miR-181a-2-3p",0.159717902606931,9.28051301516265,1.09718174511684,0.294885426371866,0.432043520349762
"hsa-miR-6747-3p",0.352343405994335,5.29758635998883,1.09662511029934,0.295007946288186,0.432043520349762
"hsa-miR-3150a-5p",0.553773331421485,3.42305506360571,1.09582117634512,0.295185013903564,0.432043520349762
"hsa-miR-873-5p",0.865220988119954,2.29075691312597,1.08304913519984,0.298016443723996,0.435198616231867
"hsa-miR-10527-5p",0.648099886166095,2.81489182877488,1.06373991761608,0.302363743768991,0.43983301078296
"hsa-miR-503-5p",-0.42875304489949,4.35241724966448,1.0628945277189,0.302555937541695,0.43983301078296
"hsa-miR-1262",0.381641769454322,4.59429266445824,1.05166914976141,0.30512297967194,0.442565763307949
"hsa-miR-597-3p",0.52138629419364,3.28014368105739,1.02085409866497,0.312316500194102,0.451981631741577
"hsa-miR-194-5p",-0.509445455827915,4.00146177009798,1.0127862966097,0.314236252710165,0.453379771602777
"hsa-miR-340-3p",-0.252995221788471,6.11238257751654,1.01088623609906,0.314690617867145,0.453379771602777
"hsa-miR-1306-3p",0.766598086303581,2.64543834053614,1.00203688831705,0.316818141968329,0.455426079079474
"hsa-miR-937-3p",0.360331012923253,5.38116144029285,0.989110092100868,0.319959973055007,0.458918090528785
"hsa-miR-450a-5p",0.579168103819845,3.29337287490397,0.97242346929084,0.324076515501292,0.463789502184071
"hsa-miR-548x-5p",-0.646046978776577,3.04812626174334,0.968209433813705,0.325127147242879,0.464261380985398
"hsa-miR-330-3p",0.191740940895064,8.54723945497978,0.964244295057563,0.32611984227963,0.464648624840889
"hsa-miR-3059-5p",-0.520657910571495,3.74378327294968,0.953475345815922,0.328836252788082,0.467484650762748
"hsa-miR-378i",-0.456628885882643,4.2012821914535,0.941743918447592,0.331829753655747,0.470701236463218
"hsa-miR-215-5p",-0.472318465816087,3.74053987010968,0.937361738045522,0.332957259959529,0.470815804514063
"hsa-miR-128-3p",-0.157835674280047,11.9391274542637,0.934930509932428,0.333585003974155,0.470815804514063
"hsa-miR-1910-5p",0.332365049787604,5.00798691041105,0.932925985948894,0.334103761898954,0.470815804514063
"hsa-miR-328-3p",-0.244320724648947,6.33885084799387,0.9281916721617,0.33533325919072,0.471202692955299
"hsa-miR-4498",0.856756894958929,2.290754236188,0.926240757265415,0.335841670910687,0.471202692955299
"hsa-miR-532-3p",0.481994307028479,3.50271637016012,0.915895043582481,0.338555113217062,0.473977158503887
"hsa-miR-548az-5p",-0.508885963005177,3.67153093689455,0.903532853901533,0.341836186159427,0.476706997453578
"hsa-miR-15a-5p",-0.459143287653161,3.8121662082855,0.902974252459218,0.341985454694958,0.476706997453578
"hsa-miR-3615",0.476313458114483,3.60071689036811,0.882381589664904,0.347550209955033,0.483417570650196
"hsa-miR-1292-5p",0.213257147904741,6.51042241653681,0.867764877841466,0.351574828966295,0.487961616065289
"hsa-miR-1306-5p",-0.482703925837317,3.54641598800088,0.86484008270578,0.352387763977503,0.488038107530134
"hsa-miR-548ad-5p",-1.01430154308725,2.15143048562683,0.855720333657406,0.354939103698079,0.490516701247989
"hsa-let-7e-5p",-0.277866898817343,6.08483079831842,0.844120009509191,0.358221098370153,0.493992264133572
"hsa-miR-138-5p",0.419446475788558,3.66600377137514,0.838433627599683,0.359845138675484,0.495171515613273
"hsa-miR-191-5p",-0.133900333099996,11.9218489068358,0.823294600038416,0.364218659848253,0.500121144866258
"hsa-miR-6733-5p",-0.79426578151087,2.37916406596061,0.798825472561224,0.371444766063837,0.508958360308747
"hsa-miR-548j-5p",-0.538735912905323,3.14915205858573,0.769611797636268,0.380337172623244,0.519689335129295
"hsa-miR-9901",-0.490931804533571,3.34725767807483,0.765396811533458,0.381644863397758,0.519689335129295
"hsa-miR-326",-0.805456078782136,2.37990756187839,0.763881355512698,0.382116585234108,0.519689335129295
"hsa-miR-9985",0.366382985370201,3.96303086563939,0.762637884329828,0.382504262191438,0.519689335129295
"hsa-miR-874-3p",-0.375881918585631,4.23240831117089,0.743736847760461,0.388466455757324,0.526678731595192
"hsa-miR-6716-3p",0.603846147205262,2.73203960007278,0.729804826835482,0.392946459021873,0.531633444559004
"hsa-miR-942-3p",-0.641678706598031,2.71459601103132,0.691260751214043,0.405735883289109,0.547785972407099
"hsa-miR-767-5p",-0.172017580712147,7.63817505284594,0.676274172224519,0.41087265952767,0.552525543639368
"hsa-miR-378g",-0.210371792408475,6.01024341902942,0.674150362414082,0.411608333278724,0.552525543639368
"hsa-miR-654-3p",-0.369689261133542,3.90114631905095,0.673539529863291,0.411820280973442,0.552525543639368
"hsa-miR-615-3p",0.384694880061962,6.77546799775563,0.667636704548581,0.413876774705006,0.554130234740174
"hsa-miR-1185-1-3p",-0.686196821559185,2.32360493481883,0.656572369259886,0.417772640207463,0.55708228660771
"hsa-miR-146b-5p",0.147303900275214,8.48747923667439,0.656462172172806,0.417811714955783,0.55708228660771
"hsa-miR-23b-3p",0.187905666852288,7.51696644163723,0.650800187644145,0.419826736822943,0.55861243494623
"hsa-miR-3155a",-0.671591363793951,2.54129899332386,0.64054804374706,0.423512412258803,0.562354625762204
"hsa-miR-411-5p",-0.437814555172294,3.60520446630215,0.633906253445365,0.425926084376179,0.564395881354443
"hsa-miR-548b-5p",-0.797342908064967,2.38202058696164,0.618778484710294,0.431501571131419,0.570609880510541
"hsa-miR-10b-5p",0.271013734568434,5.19576398531161,0.609995121534665,0.434789646976401,0.573779780026234
"hsa-miR-7114-5p",0.623940780270845,2.2249133269559,0.591430863895768,0.441866345329341,0.581926229840686
"hsa-miR-106b-3p",0.127857448370519,11.1401818400575,0.579512875729129,0.446503321451255,0.586832936764507
"hsa-miR-548n",-0.61818889103176,2.71354017875485,0.57642696356877,0.44771625501323,0.587228652196579
"hsa-miR-20a-3p",-0.57670212477085,2.70523073627116,0.563381290936629,0.452901068234303,0.589609005925708
"hsa-miR-361-3p",0.131912783282625,10.6665745484933,0.562652449732784,0.453193500138442,0.589609005925708
"hsa-miR-30a-3p",-0.105487748838142,12.2905647798269,0.562230233391304,0.453363040815097,0.589609005925708
"hsa-miR-6770-3p",-0.865836945368592,2.1413201125523,0.56167428972487,0.453586431354904,0.589609005925708
"hsa-miR-19b-3p",-0.213129533733475,6.66374513155207,0.557935792892391,0.455093140604759,0.589609005925708
"hsa-miR-140-5p",0.166366133092178,6.84166629590115,0.557775513823799,0.455157912878436,0.589609005925708
"hsa-miR-1343-3p",0.332200175624472,4.01092123048043,0.555843354054516,0.455939883464289,0.589609005925708
"hsa-miR-330-5p",-0.243378642070195,5.21835775799005,0.533443430641643,0.465162756623369,0.600330291113126
"hsa-miR-941",0.133452812965508,10.9392589710409,0.522509147932396,0.469773309116236,0.603762173535919
"hsa-miR-6852-5p",-0.557981200418403,2.71280592062902,0.521342960351475,0.470269374913486,0.603762173535919
"hsa-miR-581",-0.587231969159347,2.83064767399358,0.520485888642716,0.470634489309055,0.603762173535919
"hsa-miR-4676-3p",0.553380628113696,2.39147157169287,0.514401252581064,0.473239769414512,0.605897438375638
"hsa-miR-3940-5p",0.717233383538071,2.33954181093321,0.502337586342538,0.478474803872895,0.611384471615366
"hsa-miR-28-3p",0.102971977992324,10.983420378902,0.491947447936791,0.483059876304183,0.616020911564146
"hsa-miR-421",-0.156083153774636,6.36204161043267,0.482294297081159,0.487384928154747,0.620308090378769
"hsa-miR-548aj-5p",-0.409443043896337,3.19740272764862,0.402940882055436,0.525574357968519,0.665576840013106
"hsa-miR-3176",-0.301930170346124,3.78367371868095,0.402314959485302,0.525896130698353,0.665576840013106
"hsa-miR-5000-3p",0.462047280025182,2.54048692800888,0.401262651171442,0.526437890707571,0.665576840013106
"hsa-miR-3179",0.349941596700923,3.67116824881191,0.400003887746205,0.527087249078702,0.665576840013106
"hsa-miR-7706",-0.174495021221436,5.94140338000027,0.395663305850386,0.529337448215725,0.666827936341373
"hsa-miR-193b-5p",-0.553318858542814,2.26491248210211,0.394106102003491,0.530148918333514,0.666827936341373
"hsa-miR-23b-5p",-0.512519500956066,2.48067732903214,0.388977683204537,0.532837264838497,0.667630531844893
"hsa-miR-424-3p",-0.236622053834878,5.02101019982702,0.388933764467109,0.532860393428999,0.667630531844893
"hsa-miR-1909-3p",-0.546678974017105,2.26579635918234,0.368328184445175,0.54391696403325,0.680087110996824
"hsa-miR-5001-5p",0.412282520289324,2.80696626800578,0.365187858482923,0.545639053757735,0.680087110996824
"hsa-miR-10401-3p",-0.291730606490448,4.03134172189149,0.364585456955049,0.545970553393413,0.680087110996824
"hsa-miR-3178",-0.633700932982059,2.02115329031063,0.349092644601689,0.554627211860961,0.688305823920775
"hsa-miR-491-5p",-0.432273538616105,2.6252145057816,0.348953563321853,0.554706091016898,0.688305823920775
"hsa-miR-192-5p",-0.112044030016709,7.72036749543781,0.344880077251723,0.557025802495108,0.689855032320864
"hsa-miR-5010-3p",0.244233288607962,4.12488034410589,0.333433574039459,0.563644235839332,0.696059928985393
"hsa-miR-197-5p",-0.358248839935166,3.05235918749699,0.332488134607313,0.564197644301825,0.696059928985393
"hsa-miR-92b-3p",-0.091629197331452,11.0389663025879,0.329840955876225,0.565752754023481,0.696643926560463
"hsa-miR-5587-3p",0.443815538555731,2.27966427056244,0.314710950396945,0.574803643227643,0.706438065340843
"hsa-miR-4775",-0.481025685754728,2.4762648738308,0.309984355974665,0.577689785297317,0.708116247693874
"hsa-miR-3149",-0.300908432333396,3.45265205080615,0.308880060190086,0.578368239576052,0.708116247693874
"hsa-miR-7111-3p",0.382794095646942,3.06126514124513,0.306360330587158,0.579922267547821,0.708671613473998
"hsa-miR-3661",0.47087578708513,2.27994178032595,0.304076120188506,0.581338271878249,0.709056528578773
"hsa-miR-1299",0.427831350684198,2.43984455408432,0.301406510289903,0.583002005841554,0.709741572328849
"hsa-miR-4479",0.454572604892699,2.28290372130728,0.294219959610422,0.58752888545523,0.71390302308145
"hsa-miR-23a-5p",-0.185252019888928,4.72083624775009,0.272100944959132,0.601925910018228,0.730019371095554
"hsa-miR-3131",-0.433207437082464,2.43143548677216,0.267361513113986,0.605107208261491,0.73116670006403
"hsa-miR-126-3p",0.0935439288893947,9.32607655973085,0.267309045679536,0.605142625984671,0.73116670006403
"hsa-miR-1255a",-0.318866220001677,3.49111021301157,0.255322490101459,0.613352034166009,0.739697958806947
"hsa-miR-3928-3p",-0.204357654542814,4.06058111354669,0.235998114639283,0.627111547136911,0.752880187372666
"hsa-miR-548bc",-0.308358908173018,3.24500404487037,0.235194875504088,0.627698376139526,0.752880187372666
"hsa-miR-548a-3p",-0.287452579248373,3.24334740598942,0.235069826289002,0.627789845681866,0.752880187372666
"hsa-miR-212-3p",0.39041871142142,2.44549541537134,0.22745490802449,0.633417431041325,0.757093309729315
"hsa-miR-9-3p",-0.174417531776276,4.53818221399762,0.2271379243977,0.633654183143014,0.757093309729315
"hsa-let-7b-3p",0.158579915550256,4.89464085446739,0.223975174081432,0.636027585587916,0.7585217872567
"hsa-miR-1972",-0.258077870143683,4.35064952123257,0.220600107347344,0.638583046651199,0.760161704331556
"hsa-miR-382-5p",0.241489052343434,3.25314328863745,0.209585010239501,0.647092863286006,0.768868154537883
"hsa-miR-2277-5p",-0.213196411678569,4.0677260098382,0.20806942539836,0.648284794897625,0.768868154537883
"hsa-miR-365b-5p",0.102652657877204,6.30618499138604,0.20642158036621,0.649586708231277,0.768996029597321
"hsa-miR-3164",-0.330874081436221,2.58596427665321,0.199935304155415,0.654773071704984,0.773155682835603
"hsa-miR-135b-5p",0.317148669890849,2.72383287023368,0.199034183544646,0.655501557186707,0.773155682835603
"hsa-miR-324-5p",0.24146558965635,3.51546522191946,0.18874750374888,0.663961109945975,0.781054071914774
"hsa-miR-769-5p",-0.0770065545327614,7.83418626245098,0.187955572962506,0.664623651256671,0.781054071914774
"hsa-miR-576-3p",-0.103068734141542,6.93050302628918,0.170260372477787,0.67988051004637,0.79446632147079
"hsa-miR-664a-3p",0.220113292103483,3.3365263022129,0.1686771188775,0.681290179865886,0.79446632147079
"hsa-miR-26b-3p",0.339085342094346,3.02346321276794,0.168072972486042,0.681830127208026,0.79446632147079
"hsa-miR-504-5p",-0.156386568748137,4.29895350362706,0.167451439388911,0.682386797917628,0.79446632147079
"hsa-miR-132-5p",0.144431438756318,5.33415078256863,0.166395149898496,0.683335627522182,0.79446632147079
"hsa-miR-610",0.391087544783709,2.54109677628365,0.164897437998071,0.684687012512714,0.79446632147079
"hsa-miR-4746-5p",0.173726535914835,4.45461048819793,0.164612061997401,0.68494531735464,0.79446632147079
"hsa-miR-147b-3p",0.316853691290543,2.62711753626627,0.163553544521237,0.685905706114533,0.79446632147079
"hsa-miR-10a-3p",0.161432660567776,4.16843595186681,0.157427688508481,0.691535908340875,0.798171699402505
"hsa-miR-588",-0.441985821759456,1.95347903783894,0.15737642708201,0.691583553209003,0.798171699402505
"hsa-miR-7977",-0.228186783899108,3.20222669305073,0.155540952692072,0.693295483417319,0.798716084652511
"hsa-miR-4435",0.220625709608754,3.25359936851609,0.153441423004388,0.695268068202881,0.799558278433314
"hsa-miR-151b",0.296295185367325,2.48705424828821,0.14763720797559,0.700803630584144,0.803937984705348
"hsa-miR-1255b-5p",-0.336948851734203,2.62237069643399,0.146840449367437,0.701573210255288,0.803937984705348
"hsa-miR-4742-5p",-0.297588204234368,2.38471090931391,0.1426730887341,0.705637929841552,0.805894791753193
"hsa-miR-4804-5p",-0.297428088825105,2.37884612810869,0.142524974919778,0.705783637498138,0.805894791753193
"hsa-miR-151a-5p",0.087707563800324,7.23600888352471,0.135497528225031,0.712798753710878,0.81096297648646
"hsa-miR-3064-5p",0.260672880617907,2.4948617208096,0.13500071934055,0.713302443812345,0.81096297648646
"hsa-miR-4738-3p",0.283474621207882,2.33629763791269,0.134314390837797,0.714000011906557,0.81096297648646
"hsa-miR-943",0.359634639935505,1.95720478110904,0.123959192904039,0.724779474176999,0.820692859640376
"hsa-miR-29a-5p",-0.140450414109813,4.27488878564899,0.123644114906495,0.725115275054929,0.820692859640376
"hsa-miR-3689f",0.0627782713123823,9.39063146324739,0.116638780892296,0.73270898797641,0.82720376962095
"hsa-miR-4741",0.209085103939335,2.88568013511619,0.115138415817336,0.734368285359822,0.82720376962095
"hsa-miR-3679-5p",0.232388493325161,2.772096840082,0.114820556651598,0.734721360595006,0.82720376962095
"hsa-miR-7851-3p",0.235483652730311,2.6403981545372,0.113525345178036,0.736165731333999,0.827383474658107
"hsa-miR-2355-3p",-0.134139008371801,4.46391530481829,0.103909609123351,0.747187456596134,0.837766225347969
"hsa-miR-1273h-5p",0.211688639827813,2.89192691577722,0.103214608380046,0.748005558346401,0.837766225347969
"hsa-miR-1-3p",-0.261910816475922,2.53341297600716,0.101736196406896,0.74975599539829,0.838268855966144
"hsa-miR-652-3p",-0.0921636894190166,5.58594456609621,0.096178341938463,0.756464888555646,0.844303965736284
"hsa-miR-378h",0.264166107122772,2.49726039728188,0.0927580577655265,0.760699707954718,0.84756161232325
"hsa-miR-483-3p",-0.113246386255159,5.21872168399355,0.0876611028415892,0.767171906460877,0.852753132671947
"hsa-miR-6798-3p",0.243491120447746,2.49176371450831,0.0866825124839359,0.768437795584961,0.852753132671947
"hsa-miR-5001-3p",-0.157987292382732,3.37518778558928,0.0848433021418016,0.770838148803886,0.852753132671947
"hsa-miR-1973",0.245869324761887,2.33540759874421,0.0844394097446468,0.771369039516881,0.852753132671947
"hsa-miR-27a-3p",-0.0476241016189413,12.774513364877,0.0839759460225267,0.771979932216995,0.852753132671947
"hsa-miR-769-3p",0.186496331084233,2.88848621308104,0.0809563781431848,0.776005516384471,0.854381421339978
"hsa-miR-3944-5p",0.312693028416565,2.165031600918,0.0802664192764837,0.776936691892599,0.854381421339978
"hsa-miR-659-5p",-0.17038277073331,2.94738953490057,0.0798992236139214,0.777434026250353,0.854381421339978
"hsa-miR-34c-5p",-0.265853209234356,2.15360499504818,0.0740695473944992,0.785501141209894,0.86177637979416
"hsa-miR-548f-5p",-0.131094846960215,3.60589475798862,0.071676450553084,0.788911328424863,0.864045740655803
"hsa-miR-25-3p",0.0369581813285248,12.8222573303916,0.0704296531514084,0.790712230074927,0.864547837297543
"hsa-miR-30d-5p",-0.0366831284305469,14.3607709950275,0.0673619930597624,0.795217164859194,0.867999752829358
"hsa-miR-3158-3p",-0.0689491210597721,5.74610473789108,0.0662448471804635,0.796884866656431,0.868348314935265
"hsa-miR-331-5p",0.0558979719179721,6.51799389368762,0.0631204814809836,0.801630185480393,0.872043647718535
"hsa-miR-4661-5p",0.0692026988169354,5.90476397441075,0.0596796683521443,0.807002955816584,0.876407931780573
"hsa-miR-1843",-0.0942983702064786,4.55555612131713,0.0553162832341085,0.814058054472969,0.882581459731636
"hsa-miR-6847-5p",0.182927165333464,2.54081132517557,0.0541914711351952,0.815923999717428,0.883117740870628
"hsa-miR-129-2-3p",0.0758751321387391,5.48577895976778,0.0524132113002151,0.818916080703647,0.884869053646223
"hsa-miR-3689a-5p",-0.0469180413263626,7.88211426512199,0.0497743421017063,0.823456401409486,0.887464991678519
"hsa-miR-181b-5p",0.0316245303374553,10.5593324171526,0.049420555381388,0.824074635130054,0.887464991678519
"hsa-miR-1284",-0.105019037870513,3.6729907001031,0.0475854267738771,0.827319376559894,0.889471917369903
"hsa-miR-629-3p",0.104738963405192,3.76978722023835,0.0416592513659371,0.838270680777428,0.899374695576283
"hsa-miR-378e",-0.0531708044068336,5.75678534764946,0.0410146134306835,0.83950971697794,0.899374695576283
"hsa-miR-6805-5p",0.140432254041206,2.54023296871652,0.0403900758278954,0.840719824125656,0.899374695576283
"hsa-miR-548ay-5p",-0.102754562797348,3.42903776985552,0.0388015399806205,0.843842355394036,0.901218037933266
"hsa-miR-7515",-0.159072249411781,2.32721976828611,0.038097557602391,0.845247372738156,0.901224019939358
"hsa-miR-628-5p",0.135483375170312,2.91164312001344,0.0316475162770775,0.858803483576717,0.914164369294885
"hsa-miR-2355-5p",-0.204951137654468,1.87916590887822,0.0300362749691239,0.862407947743511,0.916159884755163
"hsa-miR-942-5p",0.0615906837905372,4.97345271029905,0.0295464514249968,0.863523369637242,0.916159884755163
"hsa-miR-183-5p",0.0302382863810374,10.6738371815207,0.0275586153802108,0.868150750874231,0.917840506866059
"hsa-miR-425-5p",-0.0280459585217457,8.74698211037138,0.0272476656766245,0.868889932746289,0.917840506866059
"hsa-miR-29a-3p",0.0239036949078957,12.4253563837795,0.0257349992015534,0.872549197917636,0.917840506866059
"hsa-miR-4788",-0.08714587033955,3.53095562037398,0.0256647044012981,0.872721895957742,0.917840506866059
"hsa-miR-3074-3p",-0.106727444173085,2.79769125145188,0.0255656837428484,0.872965578820466,0.917840506866059
"hsa-miR-146b-3p",0.13483634114873,2.22293756025195,0.0247818406616314,0.874911889216539,0.917840506866059
"hsa-miR-548l",0.091474274820416,3.40096851853227,0.0247131432722139,0.875083961515155,0.917840506866059
"hsa-miR-3140-3p",-0.118811962284525,2.49429580508943,0.0225248828560538,0.880699195265907,0.922228100408527
"hsa-miR-422a",-0.0476529855439421,5.26007442580663,0.0215009100031143,0.883422584288048,0.923578156301141
"hsa-miR-3157-3p",-0.108841226162565,2.4831399378253,0.0200638673419857,0.887358855243725,0.926189793803823
"hsa-miR-3613-5p",0.0413366850701711,4.93754909703395,0.0160205762434495,0.899278830935539,0.935928805269473
"hsa-miR-2682-5p",-0.0342537689455749,6.21596733816893,0.0159192491468847,0.89959616531336,0.935928805269473
"hsa-miR-3605-3p",-0.0570999930503273,4.41599059005603,0.0146371037636861,0.903703788420866,0.938685870553286
"hsa-miR-130b-3p",0.0421506815133185,4.36006095384212,0.0128998449654995,0.909572736669762,0.942267617618261
"hsa-miR-4665-5p",-0.0781891626919475,2.62792872982507,0.0124743005952408,0.911070470491078,0.942267617618261
"hsa-miR-3944-3p",0.088276163036182,2.90685281874859,0.0123246464471949,0.911603322593889,0.942267617618261
"hsa-miR-576-5p",0.0344233564602162,5.22322550010564,0.0117180534223573,0.913797416938777,0.942267617618261
"hsa-miR-222-3p",-0.0170610346099537,15.1103845062601,0.0111994766247676,0.915719154223749,0.942267617618261
"hsa-miR-29c-5p",0.098483734295564,2.43785262189958,0.0111430513412394,0.915930945076136,0.942267617618261
"hsa-miR-224-5p",0.128894705949108,1.80263394892591,0.00991555240349307,0.92068026013932,0.945642882822523
"hsa-miR-583",-0.0582149080089703,2.62999950404021,0.00648013513229717,0.935840163659271,0.959683225153775
"hsa-miR-4466",-0.0462923398027605,3.09892392255301,0.00524438665821236,0.942269150947578,0.964739798426455
"hsa-miR-1285-3p",-0.0211402644208991,5.48016357907363,0.00394533743955705,0.949916272904231,0.970126072901806
"hsa-miR-409-3p",-0.0230853864135256,5.79150116455837,0.00384712252602704,0.95054278261031,0.970126072901806
"hsa-miR-511-5p",0.0462835777455471,2.58443011666054,0.00348022407467585,0.952957345882852,0.971051472703413
"hsa-miR-23a-3p",-0.0107273953453968,11.0732902050815,0.00303224666878421,0.956086011043872,0.971998412555106
"hsa-miR-3909",0.0238093775670878,5.12845883123053,0.00292005380616622,0.956905269503008,0.971998412555106
"hsa-miR-345-5p",0.0151554543539474,5.36914028301443,0.00219736232963896,0.962612031177491,0.976255351304416
"hsa-miR-125b-2-3p",-0.0279627168806736,3.08921795121798,0.00194488269544291,0.964824035805964,0.97696018719975
"hsa-miR-199b-5p",-0.0379591192670866,2.27847531642612,0.00137624640193224,0.970407030068257,0.981070843585491
"hsa-miR-6777-3p",-0.0323724133196994,2.08801164969294,0.00118098512183806,0.972585722862797,0.981732297058998
"hsa-miR-212-5p",-0.0100563313914403,5.69989382790698,0.00104453818534722,0.974217405326914,0.981840389719143
"hsa-miR-6500-3p",-0.0252381074172621,2.27368815335051,0.000908707370080641,0.975951592841949,0.982051290297211
"hsa-miR-3144-5p",-0.0222173313597912,2.27246626334462,0.000736265261145563,0.978352690504895,0.982931564251407
"hsa-miR-548s",-0.016888885359574,2.26919368529447,0.000387386409773427,0.984296942800238,0.987363288416438
"hsa-miR-873-3p",0.011707811397424,2.58240737165167,0.000273595603842658,0.986803012183711,0.988337698050248
"hsa-miR-10399-3p",-0.00430959170317061,2.43852610190863,2.38541896298017e-05,0.996103087372995,0.996103087372995
